time,hostname,user,event_id,image,parent_image,command_line,dest_ip,dest_port
2026-09-28T02:00:00+05:00,WS-011,SYSTEM,1,C:\Windows\System32\WindowsPowerShell\v1.0\powershell.exe,C:\Windows\System32\svchost.exe,powershell.exe -NoProfile -File C:\IT\inventory.ps1,,
2026-09-28T02:00:03+05:00,WS-021,SYSTEM,1,C:\Windows\System32\WindowsPowerShell\v1.0\powershell.exe,C:\Windows\System32\svchost.exe,powershell.exe -NoProfile -File C:\IT\inventory.ps1,,
2026-09-28T02:00:04+05:00,WS-017,SYSTEM,1,C:\Windows\System32\WindowsPowerShell\v1.0\powershell.exe,C:\Windows\System32\svchost.exe,powershell.exe -NoProfile -File C:\IT\inventory.ps1,,
2026-09-28T02:00:05+05:00,WS-006,SYSTEM,1,C:\Windows\System32\WindowsPowerShell\v1.0\powershell.exe,C:\Windows\System32\svchost.exe,powershell.exe -NoProfile -File C:\IT\inventory.ps1,,
2026-09-28T02:00:07+05:00,WS-004,SYSTEM,1,C:\Windows\System32\WindowsPowerShell\v1.0\powershell.exe,C:\Windows\System32\svchost.exe,powershell.exe -NoProfile -File C:\IT\inventory.ps1,,
2026-09-28T02:00:08+05:00,WS-005,SYSTEM,1,C:\Windows\System32\WindowsPowerShell\v1.0\powershell.exe,C:\Windows\System32\svchost.exe,powershell.exe -NoProfile -File C:\IT\inventory.ps1,,
2026-09-28T02:00:09+05:00,WS-015,SYSTEM,1,C:\Windows\System32\WindowsPowerShell\v1.0\powershell.exe,C:\Windows\System32\svchost.exe,powershell.exe -NoProfile -File C:\IT\inventory.ps1,,
2026-09-28T02:00:11+05:00,WS-018,SYSTEM,1,C:\Windows\System32\WindowsPowerShell\v1.0\powershell.exe,C:\Windows\System32\svchost.exe,powershell.exe -NoProfile -File C:\IT\inventory.ps1,,
2026-09-28T02:00:11+05:00,WS-019,SYSTEM,1,C:\Windows\System32\WindowsPowerShell\v1.0\powershell.exe,C:\Windows\System32\svchost.exe,powershell.exe -NoProfile -File C:\IT\inventory.ps1,,
2026-09-28T02:00:12+05:00,WS-001,SYSTEM,1,C:\Windows\System32\WindowsPowerShell\v1.0\powershell.exe,C:\Windows\System32\svchost.exe,powershell.exe -NoProfile -File C:\IT\inventory.ps1,,
2026-09-28T02:00:12+05:00,WS-009,SYSTEM,1,C:\Windows\System32\WindowsPowerShell\v1.0\powershell.exe,C:\Windows\System32\svchost.exe,powershell.exe -NoProfile -File C:\IT\inventory.ps1,,
2026-09-28T02:00:14+05:00,WS-013,SYSTEM,1,C:\Windows\System32\WindowsPowerShell\v1.0\powershell.exe,C:\Windows\System32\svchost.exe,powershell.exe -NoProfile -File C:\IT\inventory.ps1,,
2026-09-28T02:00:18+05:00,WS-008,SYSTEM,1,C:\Windows\System32\WindowsPowerShell\v1.0\powershell.exe,C:\Windows\System32\svchost.exe,powershell.exe -NoProfile -File C:\IT\inventory.ps1,,
2026-09-28T02:00:21+05:00,WS-003,SYSTEM,1,C:\Windows\System32\WindowsPowerShell\v1.0\powershell.exe,C:\Windows\System32\svchost.exe,powershell.exe -NoProfile -File C:\IT\inventory.ps1,,
2026-09-28T02:00:22+05:00,WS-014,SYSTEM,1,C:\Windows\System32\WindowsPowerShell\v1.0\powershell.exe,C:\Windows\System32\svchost.exe,powershell.exe -NoProfile -File C:\IT\inventory.ps1,,
2026-09-28T02:00:27+05:00,WS-020,SYSTEM,1,C:\Windows\System32\WindowsPowerShell\v1.0\powershell.exe,C:\Windows\System32\svchost.exe,powershell.exe -NoProfile -File C:\IT\inventory.ps1,,
2026-09-28T02:00:32+05:00,WS-023,SYSTEM,1,C:\Windows\System32\WindowsPowerShell\v1.0\powershell.exe,C:\Windows\System32\svchost.exe,powershell.exe -NoProfile -File C:\IT\inventory.ps1,,
2026-09-28T02:00:38+05:00,WS-022,SYSTEM,1,C:\Windows\System32\WindowsPowerShell\v1.0\powershell.exe,C:\Windows\System32\svchost.exe,powershell.exe -NoProfile -File C:\IT\inventory.ps1,,
2026-09-28T02:00:40+05:00,WS-000,SYSTEM,1,C:\Windows\System32\WindowsPowerShell\v1.0\powershell.exe,C:\Windows\System32\svchost.exe,powershell.exe -NoProfile -File C:\IT\inventory.ps1,,
2026-09-28T02:00:41+05:00,WS-007,SYSTEM,1,C:\Windows\System32\WindowsPowerShell\v1.0\powershell.exe,C:\Windows\System32\svchost.exe,powershell.exe -NoProfile -File C:\IT\inventory.ps1,,
2026-09-28T02:00:41+05:00,WS-012,SYSTEM,1,C:\Windows\System32\WindowsPowerShell\v1.0\powershell.exe,C:\Windows\System32\svchost.exe,powershell.exe -NoProfile -File C:\IT\inventory.ps1,,
2026-09-28T02:00:45+05:00,WS-002,SYSTEM,1,C:\Windows\System32\WindowsPowerShell\v1.0\powershell.exe,C:\Windows\System32\svchost.exe,powershell.exe -NoProfile -File C:\IT\inventory.ps1,,
2026-09-28T02:00:45+05:00,WS-010,SYSTEM,1,C:\Windows\System32\WindowsPowerShell\v1.0\powershell.exe,C:\Windows\System32\svchost.exe,powershell.exe -NoProfile -File C:\IT\inventory.ps1,,
2026-09-28T02:00:52+05:00,WS-016,SYSTEM,1,C:\Windows\System32\WindowsPowerShell\v1.0\powershell.exe,C:\Windows\System32\svchost.exe,powershell.exe -NoProfile -File C:\IT\inventory.ps1,,
2026-09-28T09:01:00+05:00,WS-016,y.dauletov,1,C:\Program Files\Microsoft Office\root\Office16\OUTLOOK.EXE,C:\Windows\explorer.exe,"""OUTLOOK.EXE""",,
2026-09-28T09:02:00+05:00,WS-005,g.abenova,1,C:\Program Files\Microsoft Office\root\Office16\OUTLOOK.EXE,C:\Windows\explorer.exe,"""OUTLOOK.EXE""",,
2026-09-28T09:02:00+05:00,WS-013,t.zhaksylykov,1,C:\Program Files\Microsoft Office\root\Office16\OUTLOOK.EXE,C:\Windows\explorer.exe,"""OUTLOOK.EXE""",,
2026-09-28T09:04:00+05:00,WS-021,e.sultanov,1,C:\Program Files\Microsoft Office\root\Office16\OUTLOOK.EXE,C:\Windows\explorer.exe,"""OUTLOOK.EXE""",,
2026-09-28T09:05:00+05:00,WS-015,v.sokolova,1,C:\Program Files\Microsoft Office\root\Office16\OUTLOOK.EXE,C:\Windows\explorer.exe,"""OUTLOOK.EXE""",,
2026-09-28T09:06:00+05:00,WS-011,r.mukanov,1,C:\Program Files\Microsoft Office\root\Office16\OUTLOOK.EXE,C:\Windows\explorer.exe,"""OUTLOOK.EXE""",,
2026-09-28T09:09:00+05:00,WS-003,d.omarov,1,C:\Program Files\Microsoft Office\root\Office16\OUTLOOK.EXE,C:\Windows\explorer.exe,"""OUTLOOK.EXE""",,
2026-09-28T09:10:00+05:00,WS-008,m.tulegenov,1,C:\Program Files\Microsoft Office\root\Office16\OUTLOOK.EXE,C:\Windows\explorer.exe,"""OUTLOOK.EXE""",,
2026-09-28T09:11:00+05:00,WS-002,b.zhunusova,1,C:\Program Files\Microsoft Office\root\Office16\OUTLOOK.EXE,C:\Windows\explorer.exe,"""OUTLOOK.EXE""",,
2026-09-28T09:12:00+05:00,WS-004,e.kim,1,C:\Program Files\Microsoft Office\root\Office16\OUTLOOK.EXE,C:\Windows\explorer.exe,"""OUTLOOK.EXE""",,
2026-09-28T09:12:00+05:00,WS-023,m.ospanova,1,C:\Program Files\Microsoft Office\root\Office16\OUTLOOK.EXE,C:\Windows\explorer.exe,"""OUTLOOK.EXE""",,
2026-09-28T09:18:00+05:00,WS-010,o.li,1,C:\Program Files\Microsoft Office\root\Office16\OUTLOOK.EXE,C:\Windows\explorer.exe,"""OUTLOOK.EXE""",,
2026-09-28T09:19:00+05:00,WS-001,a.akhmetov,1,C:\Program Files\Microsoft Office\root\Office16\OUTLOOK.EXE,C:\Windows\explorer.exe,"""OUTLOOK.EXE""",,
2026-09-28T09:20:00+05:00,WS-000,it.admin,1,C:\Program Files\Microsoft Office\root\Office16\OUTLOOK.EXE,C:\Windows\explorer.exe,"""OUTLOOK.EXE""",,
2026-09-28T09:20:00+05:00,WS-020,d.alieva,1,C:\Program Files\Microsoft Office\root\Office16\OUTLOOK.EXE,C:\Windows\explorer.exe,"""OUTLOOK.EXE""",,
2026-09-28T09:21:00+05:00,WS-018,a.yesenov,1,C:\Program Files\Microsoft Office\root\Office16\OUTLOOK.EXE,C:\Windows\explorer.exe,"""OUTLOOK.EXE""",,
2026-09-28T09:22:00+05:00,WS-012,s.aitkulova,1,C:\Program Files\Microsoft Office\root\Office16\OUTLOOK.EXE,C:\Windows\explorer.exe,"""OUTLOOK.EXE""",,
2026-09-28T09:24:00+05:00,WS-006,k.bekov,1,C:\Program Files\Microsoft Office\root\Office16\OUTLOOK.EXE,C:\Windows\explorer.exe,"""OUTLOOK.EXE""",,
2026-09-28T09:24:00+05:00,WS-009,n.kassymova,1,C:\Program Files\Microsoft Office\root\Office16\OUTLOOK.EXE,C:\Windows\explorer.exe,"""OUTLOOK.EXE""",,
2026-09-28T09:27:00+05:00,WS-014,u.baimukhanova,1,C:\Program Files\Microsoft Office\root\Office16\OUTLOOK.EXE,C:\Windows\explorer.exe,"""OUTLOOK.EXE""",,
2026-09-28T09:28:00+05:00,WS-022,f.mamyrova,1,C:\Program Files\Microsoft Office\root\Office16\OUTLOOK.EXE,C:\Windows\explorer.exe,"""OUTLOOK.EXE""",,
2026-09-28T09:29:00+05:00,WS-017,z.temirova,1,C:\Program Files\Microsoft Office\root\Office16\OUTLOOK.EXE,C:\Windows\explorer.exe,"""OUTLOOK.EXE""",,
2026-09-28T09:30:00+05:00,WS-007,l.sadykova,1,C:\Program Files\Microsoft Office\root\Office16\OUTLOOK.EXE,C:\Windows\explorer.exe,"""OUTLOOK.EXE""",,
2026-09-28T09:30:00+05:00,WS-019,b.karimova,1,C:\Program Files\Microsoft Office\root\Office16\OUTLOOK.EXE,C:\Windows\explorer.exe,"""OUTLOOK.EXE""",,
2026-09-28T10:19:00+05:00,WS-002,SYSTEM,1,C:\Windows\System32\WindowsPowerShell\v1.0\powershell.exe,C:\Program Files\ManageEngine\UEMS_Agent\bin\dcagentservice.exe,powershell.exe -NonInteractive -EncodedCommand RwBlAHQALQBTAGUAcgB2AGkAYwBlAA==,,
2026-09-28T10:46:00+05:00,WS-023,SYSTEM,1,C:\Windows\System32\WindowsPowerShell\v1.0\powershell.exe,C:\Program Files\ManageEngine\UEMS_Agent\bin\dcagentservice.exe,powershell.exe -NonInteractive -EncodedCommand RwBlAHQALQBTAGUAcgB2AGkAYwBlAA==,,
2026-09-28T13:03:00+05:00,WS-003,SYSTEM,1,C:\Windows\System32\WindowsPowerShell\v1.0\powershell.exe,C:\Program Files\ManageEngine\UEMS_Agent\bin\dcagentservice.exe,powershell.exe -NonInteractive -EncodedCommand RwBlAHQALQBTAGUAcgB2AGkAYwBlAA==,,
2026-09-28T14:16:00+05:00,WS-015,SYSTEM,1,C:\Windows\System32\WindowsPowerShell\v1.0\powershell.exe,C:\Program Files\ManageEngine\UEMS_Agent\bin\dcagentservice.exe,powershell.exe -NonInteractive -EncodedCommand RwBlAHQALQBTAGUAcgB2AGkAYwBlAA==,,
2026-09-28T16:29:00+05:00,WS-020,SYSTEM,1,C:\Windows\System32\WindowsPowerShell\v1.0\powershell.exe,C:\Program Files\ManageEngine\UEMS_Agent\bin\dcagentservice.exe,powershell.exe -NonInteractive -EncodedCommand RwBlAHQALQBTAGUAcgB2AGkAYwBlAA==,,
2026-09-28T16:48:00+05:00,WS-007,SYSTEM,1,C:\Windows\System32\WindowsPowerShell\v1.0\powershell.exe,C:\Program Files\ManageEngine\UEMS_Agent\bin\dcagentservice.exe,powershell.exe -NonInteractive -EncodedCommand RwBlAHQALQBTAGUAcgB2AGkAYwBlAA==,,
2026-09-29T02:00:01+05:00,WS-007,SYSTEM,1,C:\Windows\System32\WindowsPowerShell\v1.0\powershell.exe,C:\Windows\System32\svchost.exe,powershell.exe -NoProfile -File C:\IT\inventory.ps1,,
2026-09-29T02:00:02+05:00,WS-005,SYSTEM,1,C:\Windows\System32\WindowsPowerShell\v1.0\powershell.exe,C:\Windows\System32\svchost.exe,powershell.exe -NoProfile -File C:\IT\inventory.ps1,,
2026-09-29T02:00:08+05:00,WS-019,SYSTEM,1,C:\Windows\System32\WindowsPowerShell\v1.0\powershell.exe,C:\Windows\System32\svchost.exe,powershell.exe -NoProfile -File C:\IT\inventory.ps1,,
2026-09-29T02:00:13+05:00,WS-009,SYSTEM,1,C:\Windows\System32\WindowsPowerShell\v1.0\powershell.exe,C:\Windows\System32\svchost.exe,powershell.exe -NoProfile -File C:\IT\inventory.ps1,,
2026-09-29T02:00:14+05:00,WS-006,SYSTEM,1,C:\Windows\System32\WindowsPowerShell\v1.0\powershell.exe,C:\Windows\System32\svchost.exe,powershell.exe -NoProfile -File C:\IT\inventory.ps1,,
2026-09-29T02:00:15+05:00,WS-001,SYSTEM,1,C:\Windows\System32\WindowsPowerShell\v1.0\powershell.exe,C:\Windows\System32\svchost.exe,powershell.exe -NoProfile -File C:\IT\inventory.ps1,,
2026-09-29T02:00:16+05:00,WS-014,SYSTEM,1,C:\Windows\System32\WindowsPowerShell\v1.0\powershell.exe,C:\Windows\System32\svchost.exe,powershell.exe -NoProfile -File C:\IT\inventory.ps1,,
2026-09-29T02:00:21+05:00,WS-010,SYSTEM,1,C:\Windows\System32\WindowsPowerShell\v1.0\powershell.exe,C:\Windows\System32\svchost.exe,powershell.exe -NoProfile -File C:\IT\inventory.ps1,,
2026-09-29T02:00:22+05:00,WS-002,SYSTEM,1,C:\Windows\System32\WindowsPowerShell\v1.0\powershell.exe,C:\Windows\System32\svchost.exe,powershell.exe -NoProfile -File C:\IT\inventory.ps1,,
2026-09-29T02:00:25+05:00,WS-022,SYSTEM,1,C:\Windows\System32\WindowsPowerShell\v1.0\powershell.exe,C:\Windows\System32\svchost.exe,powershell.exe -NoProfile -File C:\IT\inventory.ps1,,
2026-09-29T02:00:26+05:00,WS-008,SYSTEM,1,C:\Windows\System32\WindowsPowerShell\v1.0\powershell.exe,C:\Windows\System32\svchost.exe,powershell.exe -NoProfile -File C:\IT\inventory.ps1,,
2026-09-29T02:00:31+05:00,WS-013,SYSTEM,1,C:\Windows\System32\WindowsPowerShell\v1.0\powershell.exe,C:\Windows\System32\svchost.exe,powershell.exe -NoProfile -File C:\IT\inventory.ps1,,
2026-09-29T02:00:32+05:00,WS-015,SYSTEM,1,C:\Windows\System32\WindowsPowerShell\v1.0\powershell.exe,C:\Windows\System32\svchost.exe,powershell.exe -NoProfile -File C:\IT\inventory.ps1,,
2026-09-29T02:00:34+05:00,WS-004,SYSTEM,1,C:\Windows\System32\WindowsPowerShell\v1.0\powershell.exe,C:\Windows\System32\svchost.exe,powershell.exe -NoProfile -File C:\IT\inventory.ps1,,
2026-09-29T02:00:34+05:00,WS-023,SYSTEM,1,C:\Windows\System32\WindowsPowerShell\v1.0\powershell.exe,C:\Windows\System32\svchost.exe,powershell.exe -NoProfile -File C:\IT\inventory.ps1,,
2026-09-29T02:00:35+05:00,WS-000,SYSTEM,1,C:\Windows\System32\WindowsPowerShell\v1.0\powershell.exe,C:\Windows\System32\svchost.exe,powershell.exe -NoProfile -File C:\IT\inventory.ps1,,
2026-09-29T02:00:39+05:00,WS-017,SYSTEM,1,C:\Windows\System32\WindowsPowerShell\v1.0\powershell.exe,C:\Windows\System32\svchost.exe,powershell.exe -NoProfile -File C:\IT\inventory.ps1,,
2026-09-29T02:00:40+05:00,WS-012,SYSTEM,1,C:\Windows\System32\WindowsPowerShell\v1.0\powershell.exe,C:\Windows\System32\svchost.exe,powershell.exe -NoProfile -File C:\IT\inventory.ps1,,
2026-09-29T02:00:41+05:00,WS-020,SYSTEM,1,C:\Windows\System32\WindowsPowerShell\v1.0\powershell.exe,C:\Windows\System32\svchost.exe,powershell.exe -NoProfile -File C:\IT\inventory.ps1,,
2026-09-29T02:00:43+05:00,WS-011,SYSTEM,1,C:\Windows\System32\WindowsPowerShell\v1.0\powershell.exe,C:\Windows\System32\svchost.exe,powershell.exe -NoProfile -File C:\IT\inventory.ps1,,
2026-09-29T02:00:48+05:00,WS-018,SYSTEM,1,C:\Windows\System32\WindowsPowerShell\v1.0\powershell.exe,C:\Windows\System32\svchost.exe,powershell.exe -NoProfile -File C:\IT\inventory.ps1,,
2026-09-29T02:00:49+05:00,WS-021,SYSTEM,1,C:\Windows\System32\WindowsPowerShell\v1.0\powershell.exe,C:\Windows\System32\svchost.exe,powershell.exe -NoProfile -File C:\IT\inventory.ps1,,
2026-09-29T02:00:54+05:00,WS-016,SYSTEM,1,C:\Windows\System32\WindowsPowerShell\v1.0\powershell.exe,C:\Windows\System32\svchost.exe,powershell.exe -NoProfile -File C:\IT\inventory.ps1,,
2026-09-29T02:00:59+05:00,WS-003,SYSTEM,1,C:\Windows\System32\WindowsPowerShell\v1.0\powershell.exe,C:\Windows\System32\svchost.exe,powershell.exe -NoProfile -File C:\IT\inventory.ps1,,
2026-09-29T09:00:00+05:00,WS-008,m.tulegenov,1,C:\Program Files\Microsoft Office\root\Office16\OUTLOOK.EXE,C:\Windows\explorer.exe,"""OUTLOOK.EXE""",,
2026-09-29T09:01:00+05:00,WS-018,a.yesenov,1,C:\Program Files\Microsoft Office\root\Office16\OUTLOOK.EXE,C:\Windows\explorer.exe,"""OUTLOOK.EXE""",,
2026-09-29T09:03:00+05:00,WS-010,o.li,1,C:\Program Files\Microsoft Office\root\Office16\OUTLOOK.EXE,C:\Windows\explorer.exe,"""OUTLOOK.EXE""",,
2026-09-29T09:06:00+05:00,WS-000,it.admin,1,C:\Program Files\Microsoft Office\root\Office16\OUTLOOK.EXE,C:\Windows\explorer.exe,"""OUTLOOK.EXE""",,
2026-09-29T09:06:00+05:00,WS-006,k.bekov,1,C:\Program Files\Microsoft Office\root\Office16\OUTLOOK.EXE,C:\Windows\explorer.exe,"""OUTLOOK.EXE""",,
2026-09-29T09:06:00+05:00,WS-013,t.zhaksylykov,1,C:\Program Files\Microsoft Office\root\Office16\OUTLOOK.EXE,C:\Windows\explorer.exe,"""OUTLOOK.EXE""",,
2026-09-29T09:07:00+05:00,WS-011,r.mukanov,1,C:\Program Files\Microsoft Office\root\Office16\OUTLOOK.EXE,C:\Windows\explorer.exe,"""OUTLOOK.EXE""",,
2026-09-29T09:07:00+05:00,WS-022,f.mamyrova,1,C:\Program Files\Microsoft Office\root\Office16\OUTLOOK.EXE,C:\Windows\explorer.exe,"""OUTLOOK.EXE""",,
2026-09-29T09:08:00+05:00,WS-003,d.omarov,1,C:\Program Files\Microsoft Office\root\Office16\OUTLOOK.EXE,C:\Windows\explorer.exe,"""OUTLOOK.EXE""",,
2026-09-29T09:12:00+05:00,WS-016,y.dauletov,1,C:\Program Files\Microsoft Office\root\Office16\OUTLOOK.EXE,C:\Windows\explorer.exe,"""OUTLOOK.EXE""",,
2026-09-29T09:12:00+05:00,WS-020,d.alieva,1,C:\Program Files\Microsoft Office\root\Office16\OUTLOOK.EXE,C:\Windows\explorer.exe,"""OUTLOOK.EXE""",,
2026-09-29T09:13:00+05:00,WS-005,g.abenova,1,C:\Program Files\Microsoft Office\root\Office16\OUTLOOK.EXE,C:\Windows\explorer.exe,"""OUTLOOK.EXE""",,
2026-09-29T09:15:00+05:00,WS-007,l.sadykova,1,C:\Program Files\Microsoft Office\root\Office16\OUTLOOK.EXE,C:\Windows\explorer.exe,"""OUTLOOK.EXE""",,
2026-09-29T09:16:00+05:00,WS-021,e.sultanov,1,C:\Program Files\Microsoft Office\root\Office16\OUTLOOK.EXE,C:\Windows\explorer.exe,"""OUTLOOK.EXE""",,
2026-09-29T09:17:00+05:00,WS-004,e.kim,1,C:\Program Files\Microsoft Office\root\Office16\OUTLOOK.EXE,C:\Windows\explorer.exe,"""OUTLOOK.EXE""",,
2026-09-29T09:18:00+05:00,WS-019,b.karimova,1,C:\Program Files\Microsoft Office\root\Office16\OUTLOOK.EXE,C:\Windows\explorer.exe,"""OUTLOOK.EXE""",,
2026-09-29T09:21:00+05:00,WS-015,v.sokolova,1,C:\Program Files\Microsoft Office\root\Office16\OUTLOOK.EXE,C:\Windows\explorer.exe,"""OUTLOOK.EXE""",,
2026-09-29T09:22:00+05:00,WS-002,b.zhunusova,1,C:\Program Files\Microsoft Office\root\Office16\OUTLOOK.EXE,C:\Windows\explorer.exe,"""OUTLOOK.EXE""",,
2026-09-29T09:23:00+05:00,WS-012,s.aitkulova,1,C:\Program Files\Microsoft Office\root\Office16\OUTLOOK.EXE,C:\Windows\explorer.exe,"""OUTLOOK.EXE""",,
2026-09-29T09:25:00+05:00,WS-009,n.kassymova,1,C:\Program Files\Microsoft Office\root\Office16\OUTLOOK.EXE,C:\Windows\explorer.exe,"""OUTLOOK.EXE""",,
2026-09-29T09:26:00+05:00,WS-014,u.baimukhanova,1,C:\Program Files\Microsoft Office\root\Office16\OUTLOOK.EXE,C:\Windows\explorer.exe,"""OUTLOOK.EXE""",,
2026-09-29T09:26:00+05:00,WS-017,z.temirova,1,C:\Program Files\Microsoft Office\root\Office16\OUTLOOK.EXE,C:\Windows\explorer.exe,"""OUTLOOK.EXE""",,
2026-09-29T09:30:00+05:00,WS-001,a.akhmetov,1,C:\Program Files\Microsoft Office\root\Office16\OUTLOOK.EXE,C:\Windows\explorer.exe,"""OUTLOOK.EXE""",,
2026-09-29T09:30:00+05:00,WS-023,m.ospanova,1,C:\Program Files\Microsoft Office\root\Office16\OUTLOOK.EXE,C:\Windows\explorer.exe,"""OUTLOOK.EXE""",,
2026-09-29T13:25:00+05:00,WS-016,SYSTEM,1,C:\Windows\System32\WindowsPowerShell\v1.0\powershell.exe,C:\Program Files\ManageEngine\UEMS_Agent\bin\dcagentservice.exe,powershell.exe -NonInteractive -EncodedCommand RwBlAHQALQBTAGUAcgB2AGkAYwBlAA==,,
2026-09-29T14:02:00+05:00,WS-019,SYSTEM,1,C:\Windows\System32\WindowsPowerShell\v1.0\powershell.exe,C:\Program Files\ManageEngine\UEMS_Agent\bin\dcagentservice.exe,powershell.exe -NonInteractive -EncodedCommand RwBlAHQALQBTAGUAcgB2AGkAYwBlAA==,,
2026-09-29T15:36:00+05:00,WS-004,SYSTEM,1,C:\Windows\System32\WindowsPowerShell\v1.0\powershell.exe,C:\Program Files\ManageEngine\UEMS_Agent\bin\dcagentservice.exe,powershell.exe -NonInteractive -EncodedCommand RwBlAHQALQBTAGUAcgB2AGkAYwBlAA==,,
2026-09-29T16:23:00+05:00,WS-007,SYSTEM,1,C:\Windows\System32\WindowsPowerShell\v1.0\powershell.exe,C:\Program Files\ManageEngine\UEMS_Agent\bin\dcagentservice.exe,powershell.exe -NonInteractive -EncodedCommand RwBlAHQALQBTAGUAcgB2AGkAYwBlAA==,,
2026-09-29T17:36:00+05:00,WS-001,SYSTEM,1,C:\Windows\System32\WindowsPowerShell\v1.0\powershell.exe,C:\Program Files\ManageEngine\UEMS_Agent\bin\dcagentservice.exe,powershell.exe -NonInteractive -EncodedCommand RwBlAHQALQBTAGUAcgB2AGkAYwBlAA==,,
2026-09-29T17:53:00+05:00,WS-000,SYSTEM,1,C:\Windows\System32\WindowsPowerShell\v1.0\powershell.exe,C:\Program Files\ManageEngine\UEMS_Agent\bin\dcagentservice.exe,powershell.exe -NonInteractive -EncodedCommand RwBlAHQALQBTAGUAcgB2AGkAYwBlAA==,,
2026-09-30T02:00:00+05:00,WS-022,SYSTEM,1,C:\Windows\System32\WindowsPowerShell\v1.0\powershell.exe,C:\Windows\System32\svchost.exe,powershell.exe -NoProfile -File C:\IT\inventory.ps1,,
2026-09-30T02:00:04+05:00,WS-012,SYSTEM,1,C:\Windows\System32\WindowsPowerShell\v1.0\powershell.exe,C:\Windows\System32\svchost.exe,powershell.exe -NoProfile -File C:\IT\inventory.ps1,,
2026-09-30T02:00:07+05:00,WS-023,SYSTEM,1,C:\Windows\System32\WindowsPowerShell\v1.0\powershell.exe,C:\Windows\System32\svchost.exe,powershell.exe -NoProfile -File C:\IT\inventory.ps1,,
2026-09-30T02:00:10+05:00,WS-018,SYSTEM,1,C:\Windows\System32\WindowsPowerShell\v1.0\powershell.exe,C:\Windows\System32\svchost.exe,powershell.exe -NoProfile -File C:\IT\inventory.ps1,,
2026-09-30T02:00:11+05:00,WS-006,SYSTEM,1,C:\Windows\System32\WindowsPowerShell\v1.0\powershell.exe,C:\Windows\System32\svchost.exe,powershell.exe -NoProfile -File C:\IT\inventory.ps1,,
2026-09-30T02:00:22+05:00,WS-008,SYSTEM,1,C:\Windows\System32\WindowsPowerShell\v1.0\powershell.exe,C:\Windows\System32\svchost.exe,powershell.exe -NoProfile -File C:\IT\inventory.ps1,,
2026-09-30T02:00:24+05:00,WS-016,SYSTEM,1,C:\Windows\System32\WindowsPowerShell\v1.0\powershell.exe,C:\Windows\System32\svchost.exe,powershell.exe -NoProfile -File C:\IT\inventory.ps1,,
2026-09-30T02:00:26+05:00,WS-009,SYSTEM,1,C:\Windows\System32\WindowsPowerShell\v1.0\powershell.exe,C:\Windows\System32\svchost.exe,powershell.exe -NoProfile -File C:\IT\inventory.ps1,,
2026-09-30T02:00:26+05:00,WS-019,SYSTEM,1,C:\Windows\System32\WindowsPowerShell\v1.0\powershell.exe,C:\Windows\System32\svchost.exe,powershell.exe -NoProfile -File C:\IT\inventory.ps1,,
2026-09-30T02:00:29+05:00,WS-013,SYSTEM,1,C:\Windows\System32\WindowsPowerShell\v1.0\powershell.exe,C:\Windows\System32\svchost.exe,powershell.exe -NoProfile -File C:\IT\inventory.ps1,,
2026-09-30T02:00:30+05:00,WS-017,SYSTEM,1,C:\Windows\System32\WindowsPowerShell\v1.0\powershell.exe,C:\Windows\System32\svchost.exe,powershell.exe -NoProfile -File C:\IT\inventory.ps1,,
2026-09-30T02:00:31+05:00,WS-014,SYSTEM,1,C:\Windows\System32\WindowsPowerShell\v1.0\powershell.exe,C:\Windows\System32\svchost.exe,powershell.exe -NoProfile -File C:\IT\inventory.ps1,,
2026-09-30T02:00:31+05:00,WS-021,SYSTEM,1,C:\Windows\System32\WindowsPowerShell\v1.0\powershell.exe,C:\Windows\System32\svchost.exe,powershell.exe -NoProfile -File C:\IT\inventory.ps1,,
2026-09-30T02:00:33+05:00,WS-002,SYSTEM,1,C:\Windows\System32\WindowsPowerShell\v1.0\powershell.exe,C:\Windows\System32\svchost.exe,powershell.exe -NoProfile -File C:\IT\inventory.ps1,,
2026-09-30T02:00:36+05:00,WS-015,SYSTEM,1,C:\Windows\System32\WindowsPowerShell\v1.0\powershell.exe,C:\Windows\System32\svchost.exe,powershell.exe -NoProfile -File C:\IT\inventory.ps1,,
2026-09-30T02:00:37+05:00,WS-003,SYSTEM,1,C:\Windows\System32\WindowsPowerShell\v1.0\powershell.exe,C:\Windows\System32\svchost.exe,powershell.exe -NoProfile -File C:\IT\inventory.ps1,,
2026-09-30T02:00:41+05:00,WS-020,SYSTEM,1,C:\Windows\System32\WindowsPowerShell\v1.0\powershell.exe,C:\Windows\System32\svchost.exe,powershell.exe -NoProfile -File C:\IT\inventory.ps1,,
2026-09-30T02:00:44+05:00,WS-007,SYSTEM,1,C:\Windows\System32\WindowsPowerShell\v1.0\powershell.exe,C:\Windows\System32\svchost.exe,powershell.exe -NoProfile -File C:\IT\inventory.ps1,,
2026-09-30T02:00:45+05:00,WS-010,SYSTEM,1,C:\Windows\System32\WindowsPowerShell\v1.0\powershell.exe,C:\Windows\System32\svchost.exe,powershell.exe -NoProfile -File C:\IT\inventory.ps1,,
2026-09-30T02:00:48+05:00,WS-004,SYSTEM,1,C:\Windows\System32\WindowsPowerShell\v1.0\powershell.exe,C:\Windows\System32\svchost.exe,powershell.exe -NoProfile -File C:\IT\inventory.ps1,,
2026-09-30T02:00:48+05:00,WS-011,SYSTEM,1,C:\Windows\System32\WindowsPowerShell\v1.0\powershell.exe,C:\Windows\System32\svchost.exe,powershell.exe -NoProfile -File C:\IT\inventory.ps1,,
2026-09-30T02:00:50+05:00,WS-005,SYSTEM,1,C:\Windows\System32\WindowsPowerShell\v1.0\powershell.exe,C:\Windows\System32\svchost.exe,powershell.exe -NoProfile -File C:\IT\inventory.ps1,,
2026-09-30T02:00:51+05:00,WS-001,SYSTEM,1,C:\Windows\System32\WindowsPowerShell\v1.0\powershell.exe,C:\Windows\System32\svchost.exe,powershell.exe -NoProfile -File C:\IT\inventory.ps1,,
2026-09-30T02:00:58+05:00,WS-000,SYSTEM,1,C:\Windows\System32\WindowsPowerShell\v1.0\powershell.exe,C:\Windows\System32\svchost.exe,powershell.exe -NoProfile -File C:\IT\inventory.ps1,,
2026-09-30T09:00:00+05:00,WS-007,l.sadykova,1,C:\Program Files\Microsoft Office\root\Office16\OUTLOOK.EXE,C:\Windows\explorer.exe,"""OUTLOOK.EXE""",,
2026-09-30T09:01:00+05:00,WS-001,a.akhmetov,1,C:\Program Files\Microsoft Office\root\Office16\OUTLOOK.EXE,C:\Windows\explorer.exe,"""OUTLOOK.EXE""",,
2026-09-30T09:02:00+05:00,WS-017,z.temirova,1,C:\Program Files\Microsoft Office\root\Office16\OUTLOOK.EXE,C:\Windows\explorer.exe,"""OUTLOOK.EXE""",,
2026-09-30T09:04:00+05:00,WS-012,s.aitkulova,1,C:\Program Files\Microsoft Office\root\Office16\OUTLOOK.EXE,C:\Windows\explorer.exe,"""OUTLOOK.EXE""",,
2026-09-30T09:04:00+05:00,WS-014,u.baimukhanova,1,C:\Program Files\Microsoft Office\root\Office16\OUTLOOK.EXE,C:\Windows\explorer.exe,"""OUTLOOK.EXE""",,
2026-09-30T09:06:00+05:00,WS-016,y.dauletov,1,C:\Program Files\Microsoft Office\root\Office16\OUTLOOK.EXE,C:\Windows\explorer.exe,"""OUTLOOK.EXE""",,
2026-09-30T09:07:00+05:00,WS-002,b.zhunusova,1,C:\Program Files\Microsoft Office\root\Office16\OUTLOOK.EXE,C:\Windows\explorer.exe,"""OUTLOOK.EXE""",,
2026-09-30T09:07:00+05:00,WS-006,k.bekov,1,C:\Program Files\Microsoft Office\root\Office16\OUTLOOK.EXE,C:\Windows\explorer.exe,"""OUTLOOK.EXE""",,
2026-09-30T09:08:00+05:00,WS-021,e.sultanov,1,C:\Program Files\Microsoft Office\root\Office16\OUTLOOK.EXE,C:\Windows\explorer.exe,"""OUTLOOK.EXE""",,
2026-09-30T09:09:00+05:00,WS-008,m.tulegenov,1,C:\Program Files\Microsoft Office\root\Office16\OUTLOOK.EXE,C:\Windows\explorer.exe,"""OUTLOOK.EXE""",,
2026-09-30T09:10:00+05:00,WS-022,f.mamyrova,1,C:\Program Files\Microsoft Office\root\Office16\OUTLOOK.EXE,C:\Windows\explorer.exe,"""OUTLOOK.EXE""",,
2026-09-30T09:11:00+05:00,WS-010,o.li,1,C:\Program Files\Microsoft Office\root\Office16\OUTLOOK.EXE,C:\Windows\explorer.exe,"""OUTLOOK.EXE""",,
2026-09-30T09:15:00+05:00,WS-023,m.ospanova,1,C:\Program Files\Microsoft Office\root\Office16\OUTLOOK.EXE,C:\Windows\explorer.exe,"""OUTLOOK.EXE""",,
2026-09-30T09:18:00+05:00,WS-015,v.sokolova,1,C:\Program Files\Microsoft Office\root\Office16\OUTLOOK.EXE,C:\Windows\explorer.exe,"""OUTLOOK.EXE""",,
2026-09-30T09:18:00+05:00,WS-020,d.alieva,1,C:\Program Files\Microsoft Office\root\Office16\OUTLOOK.EXE,C:\Windows\explorer.exe,"""OUTLOOK.EXE""",,
2026-09-30T09:19:00+05:00,WS-000,it.admin,1,C:\Program Files\Microsoft Office\root\Office16\OUTLOOK.EXE,C:\Windows\explorer.exe,"""OUTLOOK.EXE""",,
2026-09-30T09:22:00+05:00,WS-005,g.abenova,1,C:\Program Files\Microsoft Office\root\Office16\OUTLOOK.EXE,C:\Windows\explorer.exe,"""OUTLOOK.EXE""",,
2026-09-30T09:25:00+05:00,WS-003,d.omarov,1,C:\Program Files\Microsoft Office\root\Office16\OUTLOOK.EXE,C:\Windows\explorer.exe,"""OUTLOOK.EXE""",,
2026-09-30T09:25:00+05:00,WS-004,e.kim,1,C:\Program Files\Microsoft Office\root\Office16\OUTLOOK.EXE,C:\Windows\explorer.exe,"""OUTLOOK.EXE""",,
2026-09-30T09:25:00+05:00,WS-011,r.mukanov,1,C:\Program Files\Microsoft Office\root\Office16\OUTLOOK.EXE,C:\Windows\explorer.exe,"""OUTLOOK.EXE""",,
2026-09-30T09:25:00+05:00,WS-018,a.yesenov,1,C:\Program Files\Microsoft Office\root\Office16\OUTLOOK.EXE,C:\Windows\explorer.exe,"""OUTLOOK.EXE""",,
2026-09-30T09:27:00+05:00,WS-009,n.kassymova,1,C:\Program Files\Microsoft Office\root\Office16\OUTLOOK.EXE,C:\Windows\explorer.exe,"""OUTLOOK.EXE""",,
2026-09-30T09:29:00+05:00,WS-013,t.zhaksylykov,1,C:\Program Files\Microsoft Office\root\Office16\OUTLOOK.EXE,C:\Windows\explorer.exe,"""OUTLOOK.EXE""",,
2026-09-30T09:30:00+05:00,WS-019,b.karimova,1,C:\Program Files\Microsoft Office\root\Office16\OUTLOOK.EXE,C:\Windows\explorer.exe,"""OUTLOOK.EXE""",,
2026-09-30T10:09:00+05:00,WS-002,SYSTEM,1,C:\Windows\System32\WindowsPowerShell\v1.0\powershell.exe,C:\Program Files\ManageEngine\UEMS_Agent\bin\dcagentservice.exe,powershell.exe -NonInteractive -EncodedCommand RwBlAHQALQBTAGUAcgB2AGkAYwBlAA==,,
2026-09-30T11:10:00+05:00,WS-004,SYSTEM,1,C:\Windows\System32\WindowsPowerShell\v1.0\powershell.exe,C:\Program Files\ManageEngine\UEMS_Agent\bin\dcagentservice.exe,powershell.exe -NonInteractive -EncodedCommand RwBlAHQALQBTAGUAcgB2AGkAYwBlAA==,,
2026-09-30T12:52:00+05:00,WS-022,SYSTEM,1,C:\Windows\System32\WindowsPowerShell\v1.0\powershell.exe,C:\Program Files\ManageEngine\UEMS_Agent\bin\dcagentservice.exe,powershell.exe -NonInteractive -EncodedCommand RwBlAHQALQBTAGUAcgB2AGkAYwBlAA==,,
2026-09-30T14:05:10+05:00,WS-021,e.sultanov,1,C:\Program Files\Microsoft Office\root\Office16\WINWORD.EXE,C:\Program Files\Microsoft Office\root\Office16\OUTLOOK.EXE,"""WINWORD.EXE"" /n ""C:\Users\e.sultanov\AppData\Local\Temp\Kazpost_Uvedomlenie_4471.docm""",,
2026-09-30T14:05:22+05:00,WS-021,e.sultanov,1,C:\Windows\System32\WindowsPowerShell\v1.0\powershell.exe,C:\Program Files\Microsoft Office\root\Office16\WINWORD.EXE,powershell.exe -nop -w hidden -enc TABBAEIALQBTAEEATQBQAEwARQA6ACAAcwBpAG0AdQBsAGEAdABlAGQAIABkAG8AdwBuAGwAbwBhAGQAZQByACAAcABsAGEAYwBlAGgAbwBsAGQAZQByACAAZgBvAHIAIABkAGUAdABlAGMAdABpAG8AbgAgAHAAcgBhAGMAdABpAGMAZQA=,,
2026-09-30T14:05:24+05:00,WS-021,e.sultanov,3,C:\Windows\System32\WindowsPowerShell\v1.0\powershell.exe,,,203.0.113.99,443
2026-09-30T14:43:00+05:00,WS-005,SYSTEM,1,C:\Windows\System32\WindowsPowerShell\v1.0\powershell.exe,C:\Program Files\ManageEngine\UEMS_Agent\bin\dcagentservice.exe,powershell.exe -NonInteractive -EncodedCommand RwBlAHQALQBTAGUAcgB2AGkAYwBlAA==,,
2026-09-30T15:25:00+05:00,WS-013,SYSTEM,1,C:\Windows\System32\WindowsPowerShell\v1.0\powershell.exe,C:\Program Files\ManageEngine\UEMS_Agent\bin\dcagentservice.exe,powershell.exe -NonInteractive -EncodedCommand RwBlAHQALQBTAGUAcgB2AGkAYwBlAA==,,
2026-09-30T16:38:00+05:00,WS-007,SYSTEM,1,C:\Windows\System32\WindowsPowerShell\v1.0\powershell.exe,C:\Program Files\ManageEngine\UEMS_Agent\bin\dcagentservice.exe,powershell.exe -NonInteractive -EncodedCommand RwBlAHQALQBTAGUAcgB2AGkAYwBlAA==,,
2026-10-01T02:00:01+05:00,WS-010,SYSTEM,1,C:\Windows\System32\WindowsPowerShell\v1.0\powershell.exe,C:\Windows\System32\svchost.exe,powershell.exe -NoProfile -File C:\IT\inventory.ps1,,
2026-10-01T02:00:03+05:00,WS-011,SYSTEM,1,C:\Windows\System32\WindowsPowerShell\v1.0\powershell.exe,C:\Windows\System32\svchost.exe,powershell.exe -NoProfile -File C:\IT\inventory.ps1,,
2026-10-01T02:00:05+05:00,WS-009,SYSTEM,1,C:\Windows\System32\WindowsPowerShell\v1.0\powershell.exe,C:\Windows\System32\svchost.exe,powershell.exe -NoProfile -File C:\IT\inventory.ps1,,
2026-10-01T02:00:07+05:00,WS-017,SYSTEM,1,C:\Windows\System32\WindowsPowerShell\v1.0\powershell.exe,C:\Windows\System32\svchost.exe,powershell.exe -NoProfile -File C:\IT\inventory.ps1,,
2026-10-01T02:00:09+05:00,WS-004,SYSTEM,1,C:\Windows\System32\WindowsPowerShell\v1.0\powershell.exe,C:\Windows\System32\svchost.exe,powershell.exe -NoProfile -File C:\IT\inventory.ps1,,
2026-10-01T02:00:14+05:00,WS-001,SYSTEM,1,C:\Windows\System32\WindowsPowerShell\v1.0\powershell.exe,C:\Windows\System32\svchost.exe,powershell.exe -NoProfile -File C:\IT\inventory.ps1,,
2026-10-01T02:00:17+05:00,WS-006,SYSTEM,1,C:\Windows\System32\WindowsPowerShell\v1.0\powershell.exe,C:\Windows\System32\svchost.exe,powershell.exe -NoProfile -File C:\IT\inventory.ps1,,
2026-10-01T02:00:23+05:00,WS-002,SYSTEM,1,C:\Windows\System32\WindowsPowerShell\v1.0\powershell.exe,C:\Windows\System32\svchost.exe,powershell.exe -NoProfile -File C:\IT\inventory.ps1,,
2026-10-01T02:00:24+05:00,WS-018,SYSTEM,1,C:\Windows\System32\WindowsPowerShell\v1.0\powershell.exe,C:\Windows\System32\svchost.exe,powershell.exe -NoProfile -File C:\IT\inventory.ps1,,
2026-10-01T02:00:25+05:00,WS-016,SYSTEM,1,C:\Windows\System32\WindowsPowerShell\v1.0\powershell.exe,C:\Windows\System32\svchost.exe,powershell.exe -NoProfile -File C:\IT\inventory.ps1,,
2026-10-01T02:00:27+05:00,WS-007,SYSTEM,1,C:\Windows\System32\WindowsPowerShell\v1.0\powershell.exe,C:\Windows\System32\svchost.exe,powershell.exe -NoProfile -File C:\IT\inventory.ps1,,
2026-10-01T02:00:28+05:00,WS-005,SYSTEM,1,C:\Windows\System32\WindowsPowerShell\v1.0\powershell.exe,C:\Windows\System32\svchost.exe,powershell.exe -NoProfile -File C:\IT\inventory.ps1,,
2026-10-01T02:00:28+05:00,WS-008,SYSTEM,1,C:\Windows\System32\WindowsPowerShell\v1.0\powershell.exe,C:\Windows\System32\svchost.exe,powershell.exe -NoProfile -File C:\IT\inventory.ps1,,
2026-10-01T02:00:30+05:00,WS-003,SYSTEM,1,C:\Windows\System32\WindowsPowerShell\v1.0\powershell.exe,C:\Windows\System32\svchost.exe,powershell.exe -NoProfile -File C:\IT\inventory.ps1,,
2026-10-01T02:00:31+05:00,WS-015,SYSTEM,1,C:\Windows\System32\WindowsPowerShell\v1.0\powershell.exe,C:\Windows\System32\svchost.exe,powershell.exe -NoProfile -File C:\IT\inventory.ps1,,
2026-10-01T02:00:34+05:00,WS-013,SYSTEM,1,C:\Windows\System32\WindowsPowerShell\v1.0\powershell.exe,C:\Windows\System32\svchost.exe,powershell.exe -NoProfile -File C:\IT\inventory.ps1,,
2026-10-01T02:00:35+05:00,WS-021,SYSTEM,1,C:\Windows\System32\WindowsPowerShell\v1.0\powershell.exe,C:\Windows\System32\svchost.exe,powershell.exe -NoProfile -File C:\IT\inventory.ps1,,
2026-10-01T02:00:36+05:00,WS-022,SYSTEM,1,C:\Windows\System32\WindowsPowerShell\v1.0\powershell.exe,C:\Windows\System32\svchost.exe,powershell.exe -NoProfile -File C:\IT\inventory.ps1,,
2026-10-01T02:00:38+05:00,WS-014,SYSTEM,1,C:\Windows\System32\WindowsPowerShell\v1.0\powershell.exe,C:\Windows\System32\svchost.exe,powershell.exe -NoProfile -File C:\IT\inventory.ps1,,
2026-10-01T02:00:41+05:00,WS-000,SYSTEM,1,C:\Windows\System32\WindowsPowerShell\v1.0\powershell.exe,C:\Windows\System32\svchost.exe,powershell.exe -NoProfile -File C:\IT\inventory.ps1,,
2026-10-01T02:00:42+05:00,WS-023,SYSTEM,1,C:\Windows\System32\WindowsPowerShell\v1.0\powershell.exe,C:\Windows\System32\svchost.exe,powershell.exe -NoProfile -File C:\IT\inventory.ps1,,
2026-10-01T02:00:45+05:00,WS-012,SYSTEM,1,C:\Windows\System32\WindowsPowerShell\v1.0\powershell.exe,C:\Windows\System32\svchost.exe,powershell.exe -NoProfile -File C:\IT\inventory.ps1,,
2026-10-01T02:00:53+05:00,WS-020,SYSTEM,1,C:\Windows\System32\WindowsPowerShell\v1.0\powershell.exe,C:\Windows\System32\svchost.exe,powershell.exe -NoProfile -File C:\IT\inventory.ps1,,
2026-10-01T02:00:59+05:00,WS-019,SYSTEM,1,C:\Windows\System32\WindowsPowerShell\v1.0\powershell.exe,C:\Windows\System32\svchost.exe,powershell.exe -NoProfile -File C:\IT\inventory.ps1,,
2026-10-01T09:00:00+05:00,WS-010,o.li,1,C:\Program Files\Microsoft Office\root\Office16\OUTLOOK.EXE,C:\Windows\explorer.exe,"""OUTLOOK.EXE""",,
2026-10-01T09:01:00+05:00,WS-017,z.temirova,1,C:\Program Files\Microsoft Office\root\Office16\OUTLOOK.EXE,C:\Windows\explorer.exe,"""OUTLOOK.EXE""",,
2026-10-01T09:01:00+05:00,WS-021,e.sultanov,1,C:\Program Files\Microsoft Office\root\Office16\OUTLOOK.EXE,C:\Windows\explorer.exe,"""OUTLOOK.EXE""",,
2026-10-01T09:02:00+05:00,WS-003,d.omarov,1,C:\Program Files\Microsoft Office\root\Office16\OUTLOOK.EXE,C:\Windows\explorer.exe,"""OUTLOOK.EXE""",,
2026-10-01T09:02:00+05:00,WS-018,a.yesenov,1,C:\Program Files\Microsoft Office\root\Office16\OUTLOOK.EXE,C:\Windows\explorer.exe,"""OUTLOOK.EXE""",,
2026-10-01T09:07:00+05:00,WS-008,m.tulegenov,1,C:\Program Files\Microsoft Office\root\Office16\OUTLOOK.EXE,C:\Windows\explorer.exe,"""OUTLOOK.EXE""",,
2026-10-01T09:07:00+05:00,WS-016,y.dauletov,1,C:\Program Files\Microsoft Office\root\Office16\OUTLOOK.EXE,C:\Windows\explorer.exe,"""OUTLOOK.EXE""",,
2026-10-01T09:07:00+05:00,WS-022,f.mamyrova,1,C:\Program Files\Microsoft Office\root\Office16\OUTLOOK.EXE,C:\Windows\explorer.exe,"""OUTLOOK.EXE""",,
2026-10-01T09:08:00+05:00,WS-012,s.aitkulova,1,C:\Program Files\Microsoft Office\root\Office16\OUTLOOK.EXE,C:\Windows\explorer.exe,"""OUTLOOK.EXE""",,
2026-10-01T09:14:00+05:00,WS-006,k.bekov,1,C:\Program Files\Microsoft Office\root\Office16\OUTLOOK.EXE,C:\Windows\explorer.exe,"""OUTLOOK.EXE""",,
2026-10-01T09:14:00+05:00,WS-007,l.sadykova,1,C:\Program Files\Microsoft Office\root\Office16\OUTLOOK.EXE,C:\Windows\explorer.exe,"""OUTLOOK.EXE""",,
2026-10-01T09:14:00+05:00,WS-015,v.sokolova,1,C:\Program Files\Microsoft Office\root\Office16\OUTLOOK.EXE,C:\Windows\explorer.exe,"""OUTLOOK.EXE""",,
2026-10-01T09:15:00+05:00,WS-011,r.mukanov,1,C:\Program Files\Microsoft Office\root\Office16\OUTLOOK.EXE,C:\Windows\explorer.exe,"""OUTLOOK.EXE""",,
2026-10-01T09:16:00+05:00,WS-005,g.abenova,1,C:\Program Files\Microsoft Office\root\Office16\OUTLOOK.EXE,C:\Windows\explorer.exe,"""OUTLOOK.EXE""",,
2026-10-01T09:17:00+05:00,WS-009,n.kassymova,1,C:\Program Files\Microsoft Office\root\Office16\OUTLOOK.EXE,C:\Windows\explorer.exe,"""OUTLOOK.EXE""",,
2026-10-01T09:18:00+05:00,WS-002,b.zhunusova,1,C:\Program Files\Microsoft Office\root\Office16\OUTLOOK.EXE,C:\Windows\explorer.exe,"""OUTLOOK.EXE""",,
2026-10-01T09:19:00+05:00,WS-001,a.akhmetov,1,C:\Program Files\Microsoft Office\root\Office16\OUTLOOK.EXE,C:\Windows\explorer.exe,"""OUTLOOK.EXE""",,
2026-10-01T09:22:00+05:00,WS-014,u.baimukhanova,1,C:\Program Files\Microsoft Office\root\Office16\OUTLOOK.EXE,C:\Windows\explorer.exe,"""OUTLOOK.EXE""",,
2026-10-01T09:22:00+05:00,WS-020,d.alieva,1,C:\Program Files\Microsoft Office\root\Office16\OUTLOOK.EXE,C:\Windows\explorer.exe,"""OUTLOOK.EXE""",,
2026-10-01T09:23:00+05:00,WS-013,t.zhaksylykov,1,C:\Program Files\Microsoft Office\root\Office16\OUTLOOK.EXE,C:\Windows\explorer.exe,"""OUTLOOK.EXE""",,
2026-10-01T09:27:00+05:00,WS-019,b.karimova,1,C:\Program Files\Microsoft Office\root\Office16\OUTLOOK.EXE,C:\Windows\explorer.exe,"""OUTLOOK.EXE""",,
2026-10-01T09:29:00+05:00,WS-004,e.kim,1,C:\Program Files\Microsoft Office\root\Office16\OUTLOOK.EXE,C:\Windows\explorer.exe,"""OUTLOOK.EXE""",,
2026-10-01T09:29:00+05:00,WS-023,m.ospanova,1,C:\Program Files\Microsoft Office\root\Office16\OUTLOOK.EXE,C:\Windows\explorer.exe,"""OUTLOOK.EXE""",,
2026-10-01T09:30:00+05:00,WS-000,it.admin,1,C:\Program Files\Microsoft Office\root\Office16\OUTLOOK.EXE,C:\Windows\explorer.exe,"""OUTLOOK.EXE""",,
2026-10-01T12:29:00+05:00,WS-013,SYSTEM,1,C:\Windows\System32\WindowsPowerShell\v1.0\powershell.exe,C:\Program Files\ManageEngine\UEMS_Agent\bin\dcagentservice.exe,powershell.exe -NonInteractive -EncodedCommand RwBlAHQALQBTAGUAcgB2AGkAYwBlAA==,,
2026-10-01T13:14:00+05:00,WS-010,SYSTEM,1,C:\Windows\System32\WindowsPowerShell\v1.0\powershell.exe,C:\Program Files\ManageEngine\UEMS_Agent\bin\dcagentservice.exe,powershell.exe -NonInteractive -EncodedCommand RwBlAHQALQBTAGUAcgB2AGkAYwBlAA==,,
2026-10-01T15:32:00+05:00,WS-002,SYSTEM,1,C:\Windows\System32\WindowsPowerShell\v1.0\powershell.exe,C:\Program Files\ManageEngine\UEMS_Agent\bin\dcagentservice.exe,powershell.exe -NonInteractive -EncodedCommand RwBlAHQALQBTAGUAcgB2AGkAYwBlAA==,,
2026-10-01T16:25:00+05:00,WS-000,SYSTEM,1,C:\Windows\System32\WindowsPowerShell\v1.0\powershell.exe,C:\Program Files\ManageEngine\UEMS_Agent\bin\dcagentservice.exe,powershell.exe -NonInteractive -EncodedCommand RwBlAHQALQBTAGUAcgB2AGkAYwBlAA==,,
2026-10-01T16:51:00+05:00,WS-019,SYSTEM,1,C:\Windows\System32\WindowsPowerShell\v1.0\powershell.exe,C:\Program Files\ManageEngine\UEMS_Agent\bin\dcagentservice.exe,powershell.exe -NonInteractive -EncodedCommand RwBlAHQALQBTAGUAcgB2AGkAYwBlAA==,,
2026-10-01T17:04:00+05:00,WS-001,SYSTEM,1,C:\Windows\System32\WindowsPowerShell\v1.0\powershell.exe,C:\Program Files\ManageEngine\UEMS_Agent\bin\dcagentservice.exe,powershell.exe -NonInteractive -EncodedCommand RwBlAHQALQBTAGUAcgB2AGkAYwBlAA==,,
2026-10-02T02:00:01+05:00,WS-010,SYSTEM,1,C:\Windows\System32\WindowsPowerShell\v1.0\powershell.exe,C:\Windows\System32\svchost.exe,powershell.exe -NoProfile -File C:\IT\inventory.ps1,,
2026-10-02T02:00:01+05:00,WS-020,SYSTEM,1,C:\Windows\System32\WindowsPowerShell\v1.0\powershell.exe,C:\Windows\System32\svchost.exe,powershell.exe -NoProfile -File C:\IT\inventory.ps1,,
2026-10-02T02:00:09+05:00,WS-023,SYSTEM,1,C:\Windows\System32\WindowsPowerShell\v1.0\powershell.exe,C:\Windows\System32\svchost.exe,powershell.exe -NoProfile -File C:\IT\inventory.ps1,,
2026-10-02T02:00:10+05:00,WS-014,SYSTEM,1,C:\Windows\System32\WindowsPowerShell\v1.0\powershell.exe,C:\Windows\System32\svchost.exe,powershell.exe -NoProfile -File C:\IT\inventory.ps1,,
2026-10-02T02:00:15+05:00,WS-022,SYSTEM,1,C:\Windows\System32\WindowsPowerShell\v1.0\powershell.exe,C:\Windows\System32\svchost.exe,powershell.exe -NoProfile -File C:\IT\inventory.ps1,,
2026-10-02T02:00:16+05:00,WS-002,SYSTEM,1,C:\Windows\System32\WindowsPowerShell\v1.0\powershell.exe,C:\Windows\System32\svchost.exe,powershell.exe -NoProfile -File C:\IT\inventory.ps1,,
2026-10-02T02:00:18+05:00,WS-018,SYSTEM,1,C:\Windows\System32\WindowsPowerShell\v1.0\powershell.exe,C:\Windows\System32\svchost.exe,powershell.exe -NoProfile -File C:\IT\inventory.ps1,,
2026-10-02T02:00:21+05:00,WS-007,SYSTEM,1,C:\Windows\System32\WindowsPowerShell\v1.0\powershell.exe,C:\Windows\System32\svchost.exe,powershell.exe -NoProfile -File C:\IT\inventory.ps1,,
2026-10-02T02:00:31+05:00,WS-003,SYSTEM,1,C:\Windows\System32\WindowsPowerShell\v1.0\powershell.exe,C:\Windows\System32\svchost.exe,powershell.exe -NoProfile -File C:\IT\inventory.ps1,,
2026-10-02T02:00:31+05:00,WS-008,SYSTEM,1,C:\Windows\System32\WindowsPowerShell\v1.0\powershell.exe,C:\Windows\System32\svchost.exe,powershell.exe -NoProfile -File C:\IT\inventory.ps1,,
2026-10-02T02:00:31+05:00,WS-019,SYSTEM,1,C:\Windows\System32\WindowsPowerShell\v1.0\powershell.exe,C:\Windows\System32\svchost.exe,powershell.exe -NoProfile -File C:\IT\inventory.ps1,,
2026-10-02T02:00:36+05:00,WS-005,SYSTEM,1,C:\Windows\System32\WindowsPowerShell\v1.0\powershell.exe,C:\Windows\System32\svchost.exe,powershell.exe -NoProfile -File C:\IT\inventory.ps1,,
2026-10-02T02:00:36+05:00,WS-009,SYSTEM,1,C:\Windows\System32\WindowsPowerShell\v1.0\powershell.exe,C:\Windows\System32\svchost.exe,powershell.exe -NoProfile -File C:\IT\inventory.ps1,,
2026-10-02T02:00:36+05:00,WS-015,SYSTEM,1,C:\Windows\System32\WindowsPowerShell\v1.0\powershell.exe,C:\Windows\System32\svchost.exe,powershell.exe -NoProfile -File C:\IT\inventory.ps1,,
2026-10-02T02:00:47+05:00,WS-004,SYSTEM,1,C:\Windows\System32\WindowsPowerShell\v1.0\powershell.exe,C:\Windows\System32\svchost.exe,powershell.exe -NoProfile -File C:\IT\inventory.ps1,,
2026-10-02T02:00:47+05:00,WS-016,SYSTEM,1,C:\Windows\System32\WindowsPowerShell\v1.0\powershell.exe,C:\Windows\System32\svchost.exe,powershell.exe -NoProfile -File C:\IT\inventory.ps1,,
2026-10-02T02:00:48+05:00,WS-013,SYSTEM,1,C:\Windows\System32\WindowsPowerShell\v1.0\powershell.exe,C:\Windows\System32\svchost.exe,powershell.exe -NoProfile -File C:\IT\inventory.ps1,,
2026-10-02T02:00:49+05:00,WS-001,SYSTEM,1,C:\Windows\System32\WindowsPowerShell\v1.0\powershell.exe,C:\Windows\System32\svchost.exe,powershell.exe -NoProfile -File C:\IT\inventory.ps1,,
2026-10-02T02:00:49+05:00,WS-006,SYSTEM,1,C:\Windows\System32\WindowsPowerShell\v1.0\powershell.exe,C:\Windows\System32\svchost.exe,powershell.exe -NoProfile -File C:\IT\inventory.ps1,,
2026-10-02T02:00:49+05:00,WS-021,SYSTEM,1,C:\Windows\System32\WindowsPowerShell\v1.0\powershell.exe,C:\Windows\System32\svchost.exe,powershell.exe -NoProfile -File C:\IT\inventory.ps1,,
2026-10-02T02:00:52+05:00,WS-017,SYSTEM,1,C:\Windows\System32\WindowsPowerShell\v1.0\powershell.exe,C:\Windows\System32\svchost.exe,powershell.exe -NoProfile -File C:\IT\inventory.ps1,,
2026-10-02T02:00:55+05:00,WS-000,SYSTEM,1,C:\Windows\System32\WindowsPowerShell\v1.0\powershell.exe,C:\Windows\System32\svchost.exe,powershell.exe -NoProfile -File C:\IT\inventory.ps1,,
2026-10-02T02:00:56+05:00,WS-012,SYSTEM,1,C:\Windows\System32\WindowsPowerShell\v1.0\powershell.exe,C:\Windows\System32\svchost.exe,powershell.exe -NoProfile -File C:\IT\inventory.ps1,,
2026-10-02T02:00:59+05:00,WS-011,SYSTEM,1,C:\Windows\System32\WindowsPowerShell\v1.0\powershell.exe,C:\Windows\System32\svchost.exe,powershell.exe -NoProfile -File C:\IT\inventory.ps1,,
2026-10-02T09:00:00+05:00,WS-023,m.ospanova,1,C:\Program Files\Microsoft Office\root\Office16\OUTLOOK.EXE,C:\Windows\explorer.exe,"""OUTLOOK.EXE""",,
2026-10-02T09:02:00+05:00,WS-001,a.akhmetov,1,C:\Program Files\Microsoft Office\root\Office16\OUTLOOK.EXE,C:\Windows\explorer.exe,"""OUTLOOK.EXE""",,
2026-10-02T09:03:00+05:00,WS-012,s.aitkulova,1,C:\Program Files\Microsoft Office\root\Office16\OUTLOOK.EXE,C:\Windows\explorer.exe,"""OUTLOOK.EXE""",,
2026-10-02T09:03:00+05:00,WS-019,b.karimova,1,C:\Program Files\Microsoft Office\root\Office16\OUTLOOK.EXE,C:\Windows\explorer.exe,"""OUTLOOK.EXE""",,
2026-10-02T09:03:00+05:00,WS-020,d.alieva,1,C:\Program Files\Microsoft Office\root\Office16\OUTLOOK.EXE,C:\Windows\explorer.exe,"""OUTLOOK.EXE""",,
2026-10-02T09:05:00+05:00,WS-011,r.mukanov,1,C:\Program Files\Microsoft Office\root\Office16\OUTLOOK.EXE,C:\Windows\explorer.exe,"""OUTLOOK.EXE""",,
2026-10-02T09:07:00+05:00,WS-003,d.omarov,1,C:\Program Files\Microsoft Office\root\Office16\OUTLOOK.EXE,C:\Windows\explorer.exe,"""OUTLOOK.EXE""",,
2026-10-02T09:08:00+05:00,WS-022,f.mamyrova,1,C:\Program Files\Microsoft Office\root\Office16\OUTLOOK.EXE,C:\Windows\explorer.exe,"""OUTLOOK.EXE""",,
2026-10-02T09:13:00+05:00,WS-008,m.tulegenov,1,C:\Program Files\Microsoft Office\root\Office16\OUTLOOK.EXE,C:\Windows\explorer.exe,"""OUTLOOK.EXE""",,
2026-10-02T09:14:00+05:00,WS-005,g.abenova,1,C:\Program Files\Microsoft Office\root\Office16\OUTLOOK.EXE,C:\Windows\explorer.exe,"""OUTLOOK.EXE""",,
2026-10-02T09:14:00+05:00,WS-013,t.zhaksylykov,1,C:\Program Files\Microsoft Office\root\Office16\OUTLOOK.EXE,C:\Windows\explorer.exe,"""OUTLOOK.EXE""",,
2026-10-02T09:14:00+05:00,WS-017,z.temirova,1,C:\Program Files\Microsoft Office\root\Office16\OUTLOOK.EXE,C:\Windows\explorer.exe,"""OUTLOOK.EXE""",,
2026-10-02T09:15:00+05:00,WS-004,e.kim,1,C:\Program Files\Microsoft Office\root\Office16\OUTLOOK.EXE,C:\Windows\explorer.exe,"""OUTLOOK.EXE""",,
2026-10-02T09:16:00+05:00,WS-016,y.dauletov,1,C:\Program Files\Microsoft Office\root\Office16\OUTLOOK.EXE,C:\Windows\explorer.exe,"""OUTLOOK.EXE""",,
2026-10-02T09:17:00+05:00,WS-000,it.admin,1,C:\Program Files\Microsoft Office\root\Office16\OUTLOOK.EXE,C:\Windows\explorer.exe,"""OUTLOOK.EXE""",,
2026-10-02T09:18:00+05:00,WS-007,l.sadykova,1,C:\Program Files\Microsoft Office\root\Office16\OUTLOOK.EXE,C:\Windows\explorer.exe,"""OUTLOOK.EXE""",,
2026-10-02T09:19:00+05:00,WS-010,o.li,1,C:\Program Files\Microsoft Office\root\Office16\OUTLOOK.EXE,C:\Windows\explorer.exe,"""OUTLOOK.EXE""",,
2026-10-02T09:22:00+05:00,WS-006,k.bekov,1,C:\Program Files\Microsoft Office\root\Office16\OUTLOOK.EXE,C:\Windows\explorer.exe,"""OUTLOOK.EXE""",,
2026-10-02T09:22:00+05:00,WS-021,e.sultanov,1,C:\Program Files\Microsoft Office\root\Office16\OUTLOOK.EXE,C:\Windows\explorer.exe,"""OUTLOOK.EXE""",,
2026-10-02T09:25:00+05:00,WS-005,SYSTEM,1,C:\Windows\System32\WindowsPowerShell\v1.0\powershell.exe,C:\Program Files\ManageEngine\UEMS_Agent\bin\dcagentservice.exe,powershell.exe -NonInteractive -EncodedCommand RwBlAHQALQBTAGUAcgB2AGkAYwBlAA==,,
2026-10-02T09:26:00+05:00,WS-014,u.baimukhanova,1,C:\Program Files\Microsoft Office\root\Office16\OUTLOOK.EXE,C:\Windows\explorer.exe,"""OUTLOOK.EXE""",,
2026-10-02T09:27:00+05:00,WS-002,b.zhunusova,1,C:\Program Files\Microsoft Office\root\Office16\OUTLOOK.EXE,C:\Windows\explorer.exe,"""OUTLOOK.EXE""",,
2026-10-02T09:28:00+05:00,WS-009,n.kassymova,1,C:\Program Files\Microsoft Office\root\Office16\OUTLOOK.EXE,C:\Windows\explorer.exe,"""OUTLOOK.EXE""",,
2026-10-02T09:28:00+05:00,WS-015,v.sokolova,1,C:\Program Files\Microsoft Office\root\Office16\OUTLOOK.EXE,C:\Windows\explorer.exe,"""OUTLOOK.EXE""",,
2026-10-02T09:29:00+05:00,WS-018,a.yesenov,1,C:\Program Files\Microsoft Office\root\Office16\OUTLOOK.EXE,C:\Windows\explorer.exe,"""OUTLOOK.EXE""",,
2026-10-02T09:43:00+05:00,WS-009,SYSTEM,1,C:\Windows\System32\WindowsPowerShell\v1.0\powershell.exe,C:\Program Files\ManageEngine\UEMS_Agent\bin\dcagentservice.exe,powershell.exe -NonInteractive -EncodedCommand RwBlAHQALQBTAGUAcgB2AGkAYwBlAA==,,
2026-10-02T11:25:00+05:00,WS-014,SYSTEM,1,C:\Windows\System32\WindowsPowerShell\v1.0\powershell.exe,C:\Program Files\ManageEngine\UEMS_Agent\bin\dcagentservice.exe,powershell.exe -NonInteractive -EncodedCommand RwBlAHQALQBTAGUAcgB2AGkAYwBlAA==,,
2026-10-02T11:28:00+05:00,WS-019,SYSTEM,1,C:\Windows\System32\WindowsPowerShell\v1.0\powershell.exe,C:\Program Files\ManageEngine\UEMS_Agent\bin\dcagentservice.exe,powershell.exe -NonInteractive -EncodedCommand RwBlAHQALQBTAGUAcgB2AGkAYwBlAA==,,
2026-10-02T12:31:00+05:00,WS-003,SYSTEM,1,C:\Windows\System32\WindowsPowerShell\v1.0\powershell.exe,C:\Program Files\ManageEngine\UEMS_Agent\bin\dcagentservice.exe,powershell.exe -NonInteractive -EncodedCommand RwBlAHQALQBTAGUAcgB2AGkAYwBlAA==,,
2026-10-02T17:28:00+05:00,WS-004,SYSTEM,1,C:\Windows\System32\WindowsPowerShell\v1.0\powershell.exe,C:\Program Files\ManageEngine\UEMS_Agent\bin\dcagentservice.exe,powershell.exe -NonInteractive -EncodedCommand RwBlAHQALQBTAGUAcgB2AGkAYwBlAA==,,
2026-10-03T02:00:02+05:00,WS-001,SYSTEM,1,C:\Windows\System32\WindowsPowerShell\v1.0\powershell.exe,C:\Windows\System32\svchost.exe,powershell.exe -NoProfile -File C:\IT\inventory.ps1,,
2026-10-03T02:00:04+05:00,WS-011,SYSTEM,1,C:\Windows\System32\WindowsPowerShell\v1.0\powershell.exe,C:\Windows\System32\svchost.exe,powershell.exe -NoProfile -File C:\IT\inventory.ps1,,
2026-10-03T02:00:06+05:00,WS-013,SYSTEM,1,C:\Windows\System32\WindowsPowerShell\v1.0\powershell.exe,C:\Windows\System32\svchost.exe,powershell.exe -NoProfile -File C:\IT\inventory.ps1,,
2026-10-03T02:00:06+05:00,WS-015,SYSTEM,1,C:\Windows\System32\WindowsPowerShell\v1.0\powershell.exe,C:\Windows\System32\svchost.exe,powershell.exe -NoProfile -File C:\IT\inventory.ps1,,
2026-10-03T02:00:07+05:00,WS-003,SYSTEM,1,C:\Windows\System32\WindowsPowerShell\v1.0\powershell.exe,C:\Windows\System32\svchost.exe,powershell.exe -NoProfile -File C:\IT\inventory.ps1,,
2026-10-03T02:00:07+05:00,WS-014,SYSTEM,1,C:\Windows\System32\WindowsPowerShell\v1.0\powershell.exe,C:\Windows\System32\svchost.exe,powershell.exe -NoProfile -File C:\IT\inventory.ps1,,
2026-10-03T02:00:07+05:00,WS-016,SYSTEM,1,C:\Windows\System32\WindowsPowerShell\v1.0\powershell.exe,C:\Windows\System32\svchost.exe,powershell.exe -NoProfile -File C:\IT\inventory.ps1,,
2026-10-03T02:00:08+05:00,WS-008,SYSTEM,1,C:\Windows\System32\WindowsPowerShell\v1.0\powershell.exe,C:\Windows\System32\svchost.exe,powershell.exe -NoProfile -File C:\IT\inventory.ps1,,
2026-10-03T02:00:11+05:00,WS-004,SYSTEM,1,C:\Windows\System32\WindowsPowerShell\v1.0\powershell.exe,C:\Windows\System32\svchost.exe,powershell.exe -NoProfile -File C:\IT\inventory.ps1,,
2026-10-03T02:00:12+05:00,WS-010,SYSTEM,1,C:\Windows\System32\WindowsPowerShell\v1.0\powershell.exe,C:\Windows\System32\svchost.exe,powershell.exe -NoProfile -File C:\IT\inventory.ps1,,
2026-10-03T02:00:19+05:00,WS-006,SYSTEM,1,C:\Windows\System32\WindowsPowerShell\v1.0\powershell.exe,C:\Windows\System32\svchost.exe,powershell.exe -NoProfile -File C:\IT\inventory.ps1,,
2026-10-03T02:00:22+05:00,WS-019,SYSTEM,1,C:\Windows\System32\WindowsPowerShell\v1.0\powershell.exe,C:\Windows\System32\svchost.exe,powershell.exe -NoProfile -File C:\IT\inventory.ps1,,
2026-10-03T02:00:23+05:00,WS-005,SYSTEM,1,C:\Windows\System32\WindowsPowerShell\v1.0\powershell.exe,C:\Windows\System32\svchost.exe,powershell.exe -NoProfile -File C:\IT\inventory.ps1,,
2026-10-03T02:00:27+05:00,WS-012,SYSTEM,1,C:\Windows\System32\WindowsPowerShell\v1.0\powershell.exe,C:\Windows\System32\svchost.exe,powershell.exe -NoProfile -File C:\IT\inventory.ps1,,
2026-10-03T02:00:29+05:00,WS-009,SYSTEM,1,C:\Windows\System32\WindowsPowerShell\v1.0\powershell.exe,C:\Windows\System32\svchost.exe,powershell.exe -NoProfile -File C:\IT\inventory.ps1,,
2026-10-03T02:00:46+05:00,WS-020,SYSTEM,1,C:\Windows\System32\WindowsPowerShell\v1.0\powershell.exe,C:\Windows\System32\svchost.exe,powershell.exe -NoProfile -File C:\IT\inventory.ps1,,
2026-10-03T02:00:50+05:00,WS-017,SYSTEM,1,C:\Windows\System32\WindowsPowerShell\v1.0\powershell.exe,C:\Windows\System32\svchost.exe,powershell.exe -NoProfile -File C:\IT\inventory.ps1,,
2026-10-03T02:00:50+05:00,WS-023,SYSTEM,1,C:\Windows\System32\WindowsPowerShell\v1.0\powershell.exe,C:\Windows\System32\svchost.exe,powershell.exe -NoProfile -File C:\IT\inventory.ps1,,
2026-10-03T02:00:55+05:00,WS-018,SYSTEM,1,C:\Windows\System32\WindowsPowerShell\v1.0\powershell.exe,C:\Windows\System32\svchost.exe,powershell.exe -NoProfile -File C:\IT\inventory.ps1,,
2026-10-03T02:00:56+05:00,WS-022,SYSTEM,1,C:\Windows\System32\WindowsPowerShell\v1.0\powershell.exe,C:\Windows\System32\svchost.exe,powershell.exe -NoProfile -File C:\IT\inventory.ps1,,
2026-10-03T02:00:57+05:00,WS-007,SYSTEM,1,C:\Windows\System32\WindowsPowerShell\v1.0\powershell.exe,C:\Windows\System32\svchost.exe,powershell.exe -NoProfile -File C:\IT\inventory.ps1,,
2026-10-03T02:00:58+05:00,WS-000,SYSTEM,1,C:\Windows\System32\WindowsPowerShell\v1.0\powershell.exe,C:\Windows\System32\svchost.exe,powershell.exe -NoProfile -File C:\IT\inventory.ps1,,
2026-10-03T02:00:58+05:00,WS-002,SYSTEM,1,C:\Windows\System32\WindowsPowerShell\v1.0\powershell.exe,C:\Windows\System32\svchost.exe,powershell.exe -NoProfile -File C:\IT\inventory.ps1,,
2026-10-03T02:00:58+05:00,WS-021,SYSTEM,1,C:\Windows\System32\WindowsPowerShell\v1.0\powershell.exe,C:\Windows\System32\svchost.exe,powershell.exe -NoProfile -File C:\IT\inventory.ps1,,
2026-10-04T02:00:02+05:00,WS-014,SYSTEM,1,C:\Windows\System32\WindowsPowerShell\v1.0\powershell.exe,C:\Windows\System32\svchost.exe,powershell.exe -NoProfile -File C:\IT\inventory.ps1,,
2026-10-04T02:00:07+05:00,WS-001,SYSTEM,1,C:\Windows\System32\WindowsPowerShell\v1.0\powershell.exe,C:\Windows\System32\svchost.exe,powershell.exe -NoProfile -File C:\IT\inventory.ps1,,
2026-10-04T02:00:15+05:00,WS-011,SYSTEM,1,C:\Windows\System32\WindowsPowerShell\v1.0\powershell.exe,C:\Windows\System32\svchost.exe,powershell.exe -NoProfile -File C:\IT\inventory.ps1,,
2026-10-04T02:00:17+05:00,WS-003,SYSTEM,1,C:\Windows\System32\WindowsPowerShell\v1.0\powershell.exe,C:\Windows\System32\svchost.exe,powershell.exe -NoProfile -File C:\IT\inventory.ps1,,
2026-10-04T02:00:17+05:00,WS-018,SYSTEM,1,C:\Windows\System32\WindowsPowerShell\v1.0\powershell.exe,C:\Windows\System32\svchost.exe,powershell.exe -NoProfile -File C:\IT\inventory.ps1,,
2026-10-04T02:00:18+05:00,WS-010,SYSTEM,1,C:\Windows\System32\WindowsPowerShell\v1.0\powershell.exe,C:\Windows\System32\svchost.exe,powershell.exe -NoProfile -File C:\IT\inventory.ps1,,
2026-10-04T02:00:19+05:00,WS-012,SYSTEM,1,C:\Windows\System32\WindowsPowerShell\v1.0\powershell.exe,C:\Windows\System32\svchost.exe,powershell.exe -NoProfile -File C:\IT\inventory.ps1,,
2026-10-04T02:00:21+05:00,WS-005,SYSTEM,1,C:\Windows\System32\WindowsPowerShell\v1.0\powershell.exe,C:\Windows\System32\svchost.exe,powershell.exe -NoProfile -File C:\IT\inventory.ps1,,
2026-10-04T02:00:23+05:00,WS-015,SYSTEM,1,C:\Windows\System32\WindowsPowerShell\v1.0\powershell.exe,C:\Windows\System32\svchost.exe,powershell.exe -NoProfile -File C:\IT\inventory.ps1,,
2026-10-04T02:00:24+05:00,WS-006,SYSTEM,1,C:\Windows\System32\WindowsPowerShell\v1.0\powershell.exe,C:\Windows\System32\svchost.exe,powershell.exe -NoProfile -File C:\IT\inventory.ps1,,
2026-10-04T02:00:25+05:00,WS-008,SYSTEM,1,C:\Windows\System32\WindowsPowerShell\v1.0\powershell.exe,C:\Windows\System32\svchost.exe,powershell.exe -NoProfile -File C:\IT\inventory.ps1,,
2026-10-04T02:00:29+05:00,WS-000,SYSTEM,1,C:\Windows\System32\WindowsPowerShell\v1.0\powershell.exe,C:\Windows\System32\svchost.exe,powershell.exe -NoProfile -File C:\IT\inventory.ps1,,
2026-10-04T02:00:33+05:00,WS-009,SYSTEM,1,C:\Windows\System32\WindowsPowerShell\v1.0\powershell.exe,C:\Windows\System32\svchost.exe,powershell.exe -NoProfile -File C:\IT\inventory.ps1,,
2026-10-04T02:00:35+05:00,WS-007,SYSTEM,1,C:\Windows\System32\WindowsPowerShell\v1.0\powershell.exe,C:\Windows\System32\svchost.exe,powershell.exe -NoProfile -File C:\IT\inventory.ps1,,
2026-10-04T02:00:35+05:00,WS-022,SYSTEM,1,C:\Windows\System32\WindowsPowerShell\v1.0\powershell.exe,C:\Windows\System32\svchost.exe,powershell.exe -NoProfile -File C:\IT\inventory.ps1,,
2026-10-04T02:00:39+05:00,WS-002,SYSTEM,1,C:\Windows\System32\WindowsPowerShell\v1.0\powershell.exe,C:\Windows\System32\svchost.exe,powershell.exe -NoProfile -File C:\IT\inventory.ps1,,
2026-10-04T02:00:39+05:00,WS-004,SYSTEM,1,C:\Windows\System32\WindowsPowerShell\v1.0\powershell.exe,C:\Windows\System32\svchost.exe,powershell.exe -NoProfile -File C:\IT\inventory.ps1,,
2026-10-04T02:00:41+05:00,WS-013,SYSTEM,1,C:\Windows\System32\WindowsPowerShell\v1.0\powershell.exe,C:\Windows\System32\svchost.exe,powershell.exe -NoProfile -File C:\IT\inventory.ps1,,
2026-10-04T02:00:42+05:00,WS-020,SYSTEM,1,C:\Windows\System32\WindowsPowerShell\v1.0\powershell.exe,C:\Windows\System32\svchost.exe,powershell.exe -NoProfile -File C:\IT\inventory.ps1,,
2026-10-04T02:00:44+05:00,WS-016,SYSTEM,1,C:\Windows\System32\WindowsPowerShell\v1.0\powershell.exe,C:\Windows\System32\svchost.exe,powershell.exe -NoProfile -File C:\IT\inventory.ps1,,
2026-10-04T02:00:45+05:00,WS-019,SYSTEM,1,C:\Windows\System32\WindowsPowerShell\v1.0\powershell.exe,C:\Windows\System32\svchost.exe,powershell.exe -NoProfile -File C:\IT\inventory.ps1,,
2026-10-04T02:00:53+05:00,WS-021,SYSTEM,1,C:\Windows\System32\WindowsPowerShell\v1.0\powershell.exe,C:\Windows\System32\svchost.exe,powershell.exe -NoProfile -File C:\IT\inventory.ps1,,
2026-10-04T02:00:57+05:00,WS-023,SYSTEM,1,C:\Windows\System32\WindowsPowerShell\v1.0\powershell.exe,C:\Windows\System32\svchost.exe,powershell.exe -NoProfile -File C:\IT\inventory.ps1,,
2026-10-04T02:00:58+05:00,WS-017,SYSTEM,1,C:\Windows\System32\WindowsPowerShell\v1.0\powershell.exe,C:\Windows\System32\svchost.exe,powershell.exe -NoProfile -File C:\IT\inventory.ps1,,
